{"cameraMode":{"drawMode":0,"name":"Shaded","section":"Shading Mode"},"sceneLighting":true,"audioPlay":false,"sceneViewState":{"m_AlwaysRefresh":false,"showFog":true,"showSkybox":true,"showFlares":true,"showImageEffects":true,"showParticleSystems":true,"showVisualEffectGraphs":true,"m_FxEnabled":true},"in2DMode":false,"pivot":{"x":256.3348083496094,"y":85.43426513671875,"z":354.91143798828127},"rotation":{"x":-0.21714983880519868,"y":-0.38186296820640566,"z":0.09309499710798264,"w":-0.8936039805412293},"size":14.242452621459961,"orthographic":false}