{"cameraMode":{"drawMode":0,"name":"Shaded","section":"Shading Mode"},"sceneLighting":false,"audioPlay":false,"sceneViewState":{"m_AlwaysRefresh":false,"showFog":true,"showSkybox":false,"showFlares":true,"showImageEffects":true,"showParticleSystems":true,"showVisualEffectGraphs":true,"m_FxEnabled":true},"in2DMode":false,"pivot":{"x":-33.007564544677737,"y":2.5790212154388429,"z":-11.401834487915039},"rotation":{"x":-0.3709953725337982,"y":0.10165686905384064,"z":-0.04090169444680214,"w":-0.9221541285514832},"size":2.2052526473999025,"orthographic":false}